{"cameraMode":{"drawMode":0,"name":"Shaded","section":"Shading Mode"},"sceneLighting":true,"audioPlay":false,"sceneViewState":{"m_AlwaysRefresh":false,"showFog":true,"showSkybox":true,"showFlares":true,"showImageEffects":true,"showParticleSystems":true,"showVisualEffectGraphs":true,"m_FxEnabled":true},"in2DMode":false,"pivot":{"x":-1.72878098487854,"y":1.1574729681015015,"z":1.7263400554656983},"rotation":{"x":-0.24825701117515565,"y":-0.0624200738966465,"z":0.016033446416258813,"w":-0.9665725827217102},"size":3.5660252571105959,"orthographic":false}