{"cameraMode":{"drawMode":0,"name":"Shaded","section":"Shading Mode"},"sceneLighting":true,"audioPlay":false,"sceneViewState":{"m_AlwaysRefresh":false,"showFog":true,"showSkybox":true,"showFlares":true,"showImageEffects":true,"showParticleSystems":true,"showVisualEffectGraphs":true,"m_FxEnabled":true},"in2DMode":false,"pivot":{"x":-2.1159305572509767,"y":0.8920183181762695,"z":0.4398743212223053},"rotation":{"x":-0.13797825574874879,"y":0.08310773223638535,"z":-0.011609764769673348,"w":-0.9869009852409363},"size":3.5660252571105959,"orthographic":false}